settlement_id,utr,amount,date,description
SETL_001,UTR_DEMO_001,50000,2026-08-22,bank credit
SETL_002,UTR_DEMO_002,77994,2026-08-22,bank credit
SETL_004,UTR_WRONG,43820,2026-08-22,bank credit
SETL_005,UTR_DEMO_005,95000,2026-08-22,bank credit
SETL_006,UTR_DEMO_006,58466,2026-08-22,bank credit
SETL_007,UTR_DEMO_007,68000,2026-08-22,bank credit
SETL_008,UTR_DEMO_008,53584,2026-08-23,bank credit
SETL_009,UTR_DEMO_009,36500,2026-08-22,bank credit
SETL_010,UTR_DEMO_010,0,2026-08-22,bank credit
